Sno,ID,Name
1,758-65-7627,BRIONY GRAY
2,959-89-4437,GARRY HAWKINS
3,679-28-1728,DEANNA PHILLIPS
4,795-34-3415,MAX WALKER
5,285-46-2761,DAISY CRAWFORD
6,252-70-4202,DAISY HOLMES
7,304-44-4761,TONY MORRISON
8,492-32-6140,JOYCE COLE
9,466-62-6560,RYAN DIXON
10,393-81-4997,FLORRIE SMITH
11,937-57-3243,PATRICK THOMAS
12,665-88-4406,ALFORD THOMAS
13,829-24-3134,SYDNEY ROSS
14,406-61-7780,ASTON WALKER
15,957-21-7848,JASMINE CAMPBELL
16,645-11-4682,SARAH WARREN
17,276-66-3828,ARNOLD HALL
18,996-32-9890,DAINTON TUCKER
19,752-56-8761,SOPHIA HOWARD
20,734-88-9818,CONNIE ROSS
21,361-79-3369,SOFIA STEVENS
22,597-41-7882,MILEY BENNETT
23,704-86-3038,ANTONY JONES
24,693-14-4588,VIVIAN GRAY
25,780-60-2795,KRISTIAN ROBERTS
26,382-70-5278,GEORGE MASON
27,449-11-7464,PENELOPE GRAY
28,324-61-9747,SAM JONES
29,745-17-4874,KATE THOMAS
30,104-14-7758,AMY CASEY
31,489-94-4957,SYDNEY THOMAS
32,689-97-9325,AMBER JONES
33,374-13-3705,DAINTON BARRETT
34,513-11-3639,DEANNA THOMPSON
35,501-84-8342,SIENNA BARNES
36,431-86-2964,JULIA MILLER
37,129-96-3378,AUDREY SULLIVAN
38,737-92-6283,PATRICK ROSS
39,334-58-6279,MAX STEWART
40,989-63-9544,ANNABELLA HARRISON
41,878-24-5917,SIENNA RICHARDS
42,541-99-5308,VALERIA DAVIS
43,337-31-5394,AMANDA MONTGOMERY
44,105-46-4208,DEXTER GRAY
45,689-84-9891,RICHARD CRAWFORD
46,257-53-6979,ANNABELLA CARROLL
47,270-55-3331,JULIA WRIGHT
48,675-73-7142,KATE RICHARDS
49,502-79-6289,THOMAS WALKER
50,754-74-8100,MYRA MURRAY
51,996-70-6984,SYDNEY MORRISON
52,119-44-6850,KATE MARTIN
53,907-30-1598,RICHARD HOLMES
54,497-14-1847,BLAKE LLOYD
55,847-33-8331,ERIC RYAN
56,810-76-9792,SIENNA ALLEN
57,434-24-4613,ALEN MORGAN
58,309-30-6363,ALISA WARREN
59,145-21-8724,REBECCA GRAY
60,544-92-3409,ROBERT MONTGOMERY
61,762-16-2275,CHERRY MILLER
62,989-56-4413,SYDNEY STEWART
63,757-32-4330,ALINA BAKER
64,311-60-1187,PATRICK WARREN
65,153-90-9740,ALFRED THOMAS
66,631-39-7456,ALBERT HAWKINS
67,525-41-6266,JARED KELLEY
68,379-71-3451,LUCY MILLER
69,317-39-1583,OWEN JONES
70,198-84-2911,OWEN SPENCER
71,527-60-7884,KATE PERRY
72,630-42-9619,APRIL LLOYD
73,814-51-5887,APRIL PHILLIPS
74,144-39-2753,STEVEN SMITH
75,205-41-6297,AMY WRIGHT
76,335-54-5773,JASMINE ELLIS
77,387-67-9428,BYRON MORGAN
78,174-28-9536,AMY SULLIVAN
79,840-47-5827,DARYL HENDERSON
80,376-25-9091,ALFORD MILLER
81,414-57-2396,RYAN CHAPMAN
82,742-92-8731,CHERRY CARROLL
83,919-32-6366,LENNY EVANS
84,903-32-8873,JAMES JOHNSON
85,112-41-2303,MAX STEVENS
86,127-75-5069,HENRY HOWARD
87,745-97-2766,GIANNA GRAY
88,513-49-4856,DEANNA MOORE
89,283-46-4741,VALERIA HIGGINS
90,422-90-6444,ANNA FOWLER
91,200-44-6001,BLAKE HOLMES
92,653-79-2788,TED MONTGOMERY
93,904-72-2088,BELINDA TUCKER
94,600-75-2046,ALINA ROSS
95,436-44-1318,ALINA HAWKINS
96,647-45-6745,HENRY SULLIVAN
97,520-53-7742,VALERIA KELLEY
98,551-99-2550,AUDREY DIXON
99,497-37-6506,MADALINE TAYLOR
100,322-15-7071,PRESTON RILEY
101,962-39-3298,NAOMI CASEY
102,151-93-1481,RYAN PARKER
103,716-78-1840,APRIL SULLIVAN
104,368-83-3936,FLORRIE MARTIN
105,847-36-2892,ROSIE PERKINS
106,827-54-6739,GEORGE WARREN
107,258-84-5875,JASMINE BROWN
108,987-41-9761,ASTON WATSON
109,423-17-4275,WALTER ELLIOTT
110,856-54-2920,LUCY MORRISON
111,171-71-8593,NATALIE STEVENS
112,551-27-4601,KIRSTEN THOMAS
113,582-66-3920,LUCY HARPER
114,631-82-6118,TONY GRAY
115,183-33-9953,KATE SULLIVAN
116,589-41-1790,JUSTIN WATSON
117,972-98-9044,ALISSA TUCKER
118,211-83-1913,REID KELLY
119,444-21-7041,LYDIA ALEXANDER
120,868-47-4317,AUDREY ROBERTS
121,311-60-6072,SAWYER GIBSON
122,766-86-1079,SYDNEY SMITH
123,556-52-5864,JESSICA ALEXANDER
124,437-81-9676,AMBER MURRAY
125,698-27-3912,MADDIE PERRY
126,118-58-1195,SPIKE GRANT
127,486-24-7179,LENNY WARREN
128,664-51-4181,PATRICK HENDERSON
129,877-29-6689,HEATHER STEVENS
130,948-37-5656,ARNOLD WALKER
131,188-15-7902,SPIKE WALKER
132,645-50-2760,ALFORD PARKER
133,127-66-6510,OLIVIA CARROLL
134,760-36-3280,VIVIAN BARRETT
135,390-60-3156,SOFIA HUNT
136,300-91-1129,FENTON HOWARD
137,371-52-1413,MICHAEL MURPHY
138,358-64-9967,JASMINE GIBSON
139,669-50-5764,AMBER MORRIS
140,262-37-4513,WALTER JONES
141,161-74-5925,SAM MARTIN
142,690-10-8629,BRIONY PARKER
143,717-54-3442,EDITH ROBERTS
144,478-61-9397,SAM SMITH
145,666-53-1348,MAXIMILIAN ROSS
146,642-98-1643,STUART GRANT
147,325-56-2377,SYDNEY THOMAS
148,174-46-3249,HENRY MOORE
149,294-20-9855,SYDNEY REED
150,925-42-9022,HEATHER TAYLOR
151,362-83-6663,SYDNEY HOWARD
152,813-58-6420,SOFIA KELLEY
153,247-97-7604,LENNY ROBINSON
154,201-83-7953,SYDNEY MORRISON
155,614-34-5631,ALEN SPENCER
156,485-23-9866,DOMINIK MONTGOMERY
157,745-34-1137,SIENNA ALEXANDER
158,156-50-1282,REID MURPHY
159,439-53-3635,RYAN THOMAS
160,433-78-7850,ALDUS MORRISON
161,642-70-4264,HEATHER DAVIS
162,714-25-8360,FREDDIE TUCKER
163,340-69-6613,ERIC CHAPMAN
164,973-76-4253,GIANNA MONTGOMERY
165,181-62-2913,EMMA HUNT
166,379-18-7865,ANTONY MASON
167,908-26-9855,ALBERT MITCHELL
168,174-16-2165,HARIS PARKER
169,240-79-3557,DEXTER MONTGOMERY
170,988-30-3541,GARRY CUNNINGHAM
171,433-58-5258,SYDNEY DAVIS
172,544-38-6440,CHERRY CASEY
173,196-37-4440,MAX PARKER
174,448-76-1043,SYDNEY MURPHY
175,894-82-3769,MAX REED
176,333-56-5615,LUKE STEVENS
177,193-38-8108,ROMAN BROOKS
178,707-84-4683,PAIGE MURRAY
179,541-11-2110,ALDUS TAYLOR
180,666-20-4613,CONNIE STEWART
181,269-10-9957,JORDAN JOHNSON
182,754-19-7778,DAINTON HARRIS
183,643-60-7914,DARYL CHAPMAN
184,837-68-1432,CHERRY MILLER
185,820-96-2782,DARYL WARREN
186,692-26-6054,THOMAS WRIGHT
187,358-50-7575,NICHOLAS DIXON
188,460-15-2830,DARYL REED
189,464-13-2957,OLIVIA LLOYD
190,806-87-1631,SYDNEY DAVIS
191,948-85-2091,NATALIE SULLIVAN
192,755-48-3376,DALE CARTER
193,504-59-9289,TYLER CHAPMAN
194,979-20-8029,ALDUS RICHARDS
195,873-20-6133,JASMINE ROBERTS
196,514-20-6166,EMMA CARROLL
197,263-26-6804,MAXIMILIAN BAKER
198,704-61-6502,FREDERICK GRAY
199,263-47-5790,WALTER MURRAY
200,272-63-8445,MADALINE LLOYD
201,236-20-3957,KATE ROSS
202,190-25-9268,MICHAEL NELSON
203,908-47-4578,PATRICK GIBSON
204,691-41-6864,ARNOLD CAMERON
205,427-58-4128,EDWARD ROBERTS
206,451-54-8024,AGATA MORRISON
207,312-10-7543,SARAH RILEY
208,574-62-1048,PATRICK BROOKS
209,926-60-7294,SOPHIA WEST
210,834-94-9639,BLAKE SMITH
211,904-30-9349,NATALIE HUNT
212,135-29-6481,AGATA RICHARDS
213,418-12-1423,MAXIMILIAN CARTER
214,526-73-5393,JAMES KELLEY
215,834-39-8105,GEORGE WATSON
216,581-10-5455,CARL DAVIS
217,269-60-8088,THOMAS KELLEY
218,154-43-4301,GIANNA GRAY
219,887-35-3933,SIENNA ROBERTS
220,405-62-6732,SYDNEY KELLY
221,574-73-3204,LUCAS STEWART
222,533-10-3036,ALEN MORRIS
223,669-26-7111,KATE ROBERTS
224,678-35-6905,DOMINIK RILEY
225,384-88-1733,DAINTON MURPHY
226,341-12-2521,PAIGE WARREN
227,569-28-8099,KIRSTEN BAKER
228,794-40-1513,NICHOLAS MONTGOMERY
229,396-80-4275,STUART WARREN
230,362-77-5455,BRIONY CHAPMAN
231,640-86-7481,ALINA ROBERTS
232,678-16-8587,ROSIE MOORE
233,145-53-3960,JARED ADAMS
234,730-81-5032,HARIS HENDERSON
235,844-24-5865,KATE EDWARDS
236,908-35-5544,KRISTIAN COLE
237,851-44-7431,EDDY ELLIOTT
238,995-71-1871,LUCY KELLEY
239,493-30-8755,CHARLIE KELLEY
240,584-61-1845,CHELSEA COOPER
241,924-28-9179,NATALIE GRAY
242,424-19-9920,ROSIE RYAN
243,982-21-5974,CHERRY WRIGHT
244,942-72-3099,ANNABELLA CHAPMAN
245,726-77-7043,LENNY MASON
246,496-91-9763,STUART MORGAN
247,119-91-6532,FREDDIE TAYLOR
248,735-43-1984,ASTON ALLEN
249,825-17-7146,SYDNEY ALEXANDER
250,200-50-5160,ABRAHAM CASEY
251,790-97-8272,JULIA CARROLL
252,134-53-4658,RYAN ALLEN
253,912-80-4418,NICOLE JOHNSTON
254,656-31-2475,KRISTIAN CHAPMAN
255,360-50-3661,KIRSTEN THOMAS
256,851-39-1158,NICHOLAS CARROLL
257,410-31-1717,BELINDA WARREN
258,706-15-5152,ANNABELLA MONTGOMERY
259,756-22-5708,SAM HENDERSON
260,800-38-6290,BRUCE MURPHY
261,783-19-5720,LYDIA ROSS
262,434-46-5217,THOMAS TAYLOR
263,904-57-1423,MICHAEL HOWARD
264,708-29-9582,JOYCE PARKER
265,655-32-1588,GIANNA ARMSTRONG
266,509-26-9575,ALINA COLE
267,659-47-9777,JUSTIN PAYNE
268,140-60-3804,JORDAN SPENCER
269,143-72-2785,MAXIMILIAN ALEXANDER
270,134-59-9651,DALE GRAY
271,380-99-6504,DAISY MILLER
272,963-71-2538,ASTON MURRAY
273,857-27-5715,MAX HARPER
274,942-49-1353,ADRIAN STEVENS
275,606-92-4919,LUKE PHILLIPS
276,794-74-5897,SABRINA KELLEY
277,811-79-7817,MYRA TURNER
278,776-42-7916,THOMAS THOMAS
279,259-73-2449,TYLER GIBSON
280,133-66-3214,STEVEN DAVIS
281,696-62-5437,ROSIE MASON
282,523-29-8296,TYLER MONTGOMERY
283,684-23-2837,ANNABELLA MOORE
284,254-47-3937,AGATA RYAN
285,490-67-8901,JASMINE BROWN
286,600-56-5239,MAX MOORE
287,218-82-4005,KIRSTEN WALKER
288,755-89-9960,MADALINE WALKER
289,351-54-1031,MARCUS NELSON
290,292-42-2134,PATRICK PHILLIPS
291,261-59-2155,HAROLD DAVIS
292,624-19-2658,JARED KELLEY
293,861-10-2489,EMMA ELLIOTT
294,580-90-1826,HAILEY GIBSON
295,942-59-6173,EDGAR WEST
296,984-67-8213,SABRINA GRANT
297,300-75-5407,CHARLIE ROBERTS
298,471-39-5536,JENNA CASEY
299,434-17-3661,KATE GIBSON
300,156-39-2587,SAM ALLEN
301,273-46-7212,ROBERT STEVENS
302,439-40-2068,SAWYER MILLER
303,858-90-6088,WALTER MURRAY
304,951-43-4040,LUKE MYERS
305,358-39-7961,JAMES PERKINS
306,275-55-4473,DAINTON COOPER
307,206-85-4225,BRAD BAKER
308,394-52-5078,STEVEN GRAY
309,554-51-7895,SAMANTHA HALL
310,577-85-5263,ARTHUR GRANT
311,687-37-7072,RYAN PERRY
312,455-29-7877,FENTON HIGGINS
313,648-22-4168,EDITH WEST
314,717-12-9896,LYDIA SMITH
315,622-85-2692,LYDIA ALLEN
316,365-29-1300,BELINDA BARRETT
317,949-30-9184,GIANNA CHAPMAN
318,136-53-5236,SYDNEY BARNES
319,998-81-7241,JORDAN ELLIOTT
320,561-69-3010,SOPHIA ROBERTS
321,667-91-9170,BLAKE KELLY
322,337-77-3230,BYRON CAMPBELL
323,859-94-8690,KRISTIAN PARKER
324,633-78-5614,GEORGE WALKER
325,288-87-2926,CHELSEA MORRIS
326,776-12-1174,EDDY MOORE
327,529-13-8353,SYDNEY HENDERSON
328,422-60-6395,SIENNA TUCKER
329,709-88-3609,ADRIAN CAMPBELL
330,655-67-8242,BRIONY GIBSON
331,361-21-4095,HAILEY MONTGOMERY
332,760-45-5683,SPIKE ROBINSON
333,948-72-2512,DOMINIK GIBSON
334,577-55-9313,THOMAS MILLER
335,609-87-6906,SYDNEY RICHARDS
336,617-43-7142,GIANNA HOWARD
337,137-50-7505,SARAH KELLEY
338,786-26-6519,BYRON ROBINSON
339,328-35-2113,STEVEN ROBERTS
340,796-87-9693,ANNA ELLIOTT
341,713-39-6670,JARED ROSS
342,940-45-3489,JASMINE MONTGOMERY
343,608-82-5230,PRESTON MURPHY
344,109-92-6297,DAISY PARKER
345,208-73-9467,TED MILLER
346,956-19-2395,DAISY BAKER
347,277-46-6216,ADRIAN HENDERSON
348,596-21-8918,CONNIE COLE
349,911-31-8057,NAOMI WALKER
350,281-57-3746,LYDIA CASEY
351,669-53-4539,EDDY JONES
352,848-39-6945,PATRICK MURPHY
353,731-90-9587,WALTER HIGGINS
354,350-55-4256,ALISSA PAYNE
355,180-92-6782,LYDIA CARTER
356,153-16-7327,DOMINIK MOORE
357,233-57-2682,MAX ALEXANDER
358,542-88-7067,MADALINE HENDERSON
359,904-12-5784,ANTONY GRAY
360,906-77-6812,THOMAS GRAY
361,411-88-3831,DARYL CUNNINGHAM
362,293-12-2713,ARIANNA CAMERON
363,804-46-9104,EMMA SMITH
364,210-75-9377,NICHOLAS KELLEY
365,276-71-1754,JAMES CHAPMAN
366,157-22-6186,ARIANNA RILEY
367,388-61-8571,FLORRIE ALEXANDER
368,241-73-4737,MICHAEL MILLER
369,681-59-3492,JASMINE BAKER
370,918-31-5061,JARED EVANS
371,747-99-2117,ELISE SULLIVAN
372,193-29-9304,DARYL KELLEY
373,795-70-4424,SAMANTHA RICHARDS
374,235-49-9686,MAX HOLMES
375,920-54-8966,PENELOPE COOPER
376,913-68-3841,DEANNA CAMERON
377,687-87-6314,SOPHIA BARRETT
378,117-12-6500,DOMINIK ROBERTS
379,259-90-7491,ALISA COOPER
380,544-17-2484,SYDNEY RILEY
381,558-55-6406,DAISY KELLEY
382,455-49-4412,GARRY ALLEN
383,805-14-2602,TED CARROLL
384,851-43-6780,MYRA CASEY
385,402-97-9883,DEANNA KELLEY
386,227-40-3808,GIANNA HOLMES
387,566-49-4862,GEORGE BENNETT
388,407-96-1435,CHARLIE MYERS
389,210-73-1837,ANNA WATSON
390,417-16-8861,MADALINE BAKER
391,148-86-9322,VIVIAN THOMAS
392,807-29-4691,PENELOPE PERKINS
393,503-76-3457,ALDUS HOLMES
394,447-79-7502,MADDIE GIBSON
395,848-44-3531,SPIKE PERRY
396,169-56-8708,ANNA COOPER
397,560-89-1801,DEXTER BARRETT
398,409-69-9099,MILEY ALLEN
399,980-16-5923,PAIGE PARKER
400,861-95-8571,LUCAS HENDERSON
401,716-35-9111,GIANNA COOPER
402,714-60-7002,ALFORD COLE
403,966-50-4757,SPIKE MASON
404,946-72-1592,HAROLD DAVIS
405,472-43-5536,SAM GRAY
406,138-52-8671,SPIKE ROBINSON
407,597-41-9247,ANTONY RILEY
408,109-54-3753,ERIC RICHARDS
409,670-75-8401,CONNIE FOSTER
410,121-86-5479,DARYL BROWN
411,580-68-6422,ALINA THOMPSON
412,938-28-9439,SPIKE KELLY
413,577-76-7150,MARCUS ROBERTS
414,142-44-9361,LUCAS ELLIOTT
415,614-46-8936,FENTON RICHARDS
416,704-60-9560,PRESTON REED
417,866-96-2101,DALE FERGUSON
418,911-80-2790,KRISTIAN WRIGHT
419,475-28-3340,LUCY CARROLL
420,581-52-4459,BYRON WARREN
421,200-87-5166,ABRAHAM MILLER
422,184-27-6587,TED BROOKS
423,968-81-2869,AMELIA WATSON
424,357-31-6684,SAM RILEY
425,904-92-4975,DAINTON PERRY
426,508-73-3744,LUKE STEWART
427,355-66-1643,MARCUS ROSS
428,799-75-2420,ROBERT EDWARDS
429,275-64-9112,ALDUS BAKER
430,546-14-7951,SOFIA PAYNE
431,455-64-4415,JASMINE HUNT
432,559-29-7924,MARCUS MARTIN
433,887-23-2999,FREDERICK ELLIOTT
434,378-85-2201,HARIS THOMAS
435,456-93-4139,GIANNA GIBSON
436,808-14-5403,JENNA MURRAY
437,398-97-4602,FREDERICK GRAY
438,799-49-3248,DEANNA HARRIS
439,917-87-7545,BRIONY HALL
440,895-53-8980,HARIS SMITH
441,415-82-6320,MIKE MURPHY
442,213-55-8360,ELISE ADAMS
443,242-80-3635,DARYL DAVIS
444,402-48-3475,TONY KELLEY
445,792-92-1956,KATE CUNNINGHAM
446,204-24-1480,JASMINE HAWKINS
447,854-57-9665,SYDNEY GRAY
448,760-10-9405,DEXTER ELLIS
449,269-61-6424,PAIGE COOPER
450,125-51-5955,BRIONY SULLIVAN
451,757-39-8512,ALISSA MURPHY
452,675-67-5772,MILEY COOPER
453,673-23-6378,SOPHIA CLARK
454,368-44-5756,JARED WEST
455,653-34-4244,REID HIGGINS
456,723-43-7928,JOYCE PARKER
457,298-74-6164,EDDY MURRAY
458,890-99-5284,EDITH ROBERTS
459,511-81-7661,REBECCA ROSS
460,448-12-7985,JULIA CHAPMAN
461,216-68-1298,KIRSTEN COLE
462,255-75-3318,ALINA WEST
463,680-45-8220,BELINDA MILLER
464,322-94-8660,ANNA EDWARDS
465,278-97-4955,THOMAS CARROLL
466,787-90-2235,THOMAS BENNETT
467,160-59-7435,TONY CLARK
468,244-59-4017,SYDNEY MOORE
469,550-34-8742,TED GIBSON
470,133-70-3374,MADALINE KELLY
471,564-41-1138,DEANNA CAMERON
472,709-74-1137,HAILEY SULLIVAN
473,541-62-3156,SOPHIA WRIGHT
474,737-73-4228,KIRSTEN MILLER
475,216-26-1855,ARTHUR COLE
476,499-32-9657,NAOMI PARKER
477,141-84-5491,ELISE GRAY
478,224-35-1954,ADRIAN HARRIS
479,630-30-3492,SYDNEY WARREN
480,769-32-4498,MADALINE TURNER
481,276-82-9034,SYDNEY TUCKER
482,265-82-8903,MADDIE MASON
483,797-64-2533,MILEY SULLIVAN
484,557-71-8181,JASMINE PERRY
485,587-44-7420,JUSTIN WALKER
486,495-13-3408,JASMINE BAKER
487,783-70-3112,ELISE ADAMS
488,234-59-9801,OWEN REED
489,474-31-4149,LUCAS HARRIS
490,483-78-4751,RICHARD CARROLL
491,614-74-1433,ALINA THOMAS
492,722-98-4579,CHARLIE BARNES
493,129-83-9724,DARYL DIXON
494,841-82-5789,KATE RYAN
495,281-73-3156,CHERRY HOWARD
496,762-82-5580,NICOLE CHAPMAN
497,722-88-8670,ROBERT CASEY
498,508-90-1459,EDDY PAYNE
499,541-70-4639,CARL HIGGINS
500,975-15-6327,THOMAS HUNT
501,117-14-8571,HAILEY GRANT
502,122-81-5653,ELISE GIBSON
503,739-13-2656,AMELIA HUNT
504,442-92-2146,ALFRED MILLER
505,219-21-3470,VIOLET STEWART
506,198-23-1826,CHERRY PAYNE
507,372-13-7836,FREDDIE TURNER
508,907-77-5147,JASMINE HOWARD
509,596-64-7847,CONNIE HAWKINS
510,604-39-4730,PAIGE ROBERTS
511,456-46-4316,MICHAEL TURNER
512,308-24-2673,BRUCE DAVIS
513,533-87-1402,AMY CAMPBELL
514,202-49-4670,HARIS COOPER
515,496-79-3215,SAM COLE
516,745-96-3273,TED MONTGOMERY
517,771-57-3219,STUART COLE
518,874-15-6280,HAROLD WRIGHT
519,221-56-4215,ALISSA MILLER
520,873-85-1197,GEORGE HALL
521,680-59-6405,LYDIA STEVENS
522,140-46-1109,ALFORD BARNES
523,684-47-4481,OLIVIA GIBSON
524,332-66-7462,SOFIA STEVENS
525,233-60-5255,CHERRY MORRIS
526,641-19-2614,BRIONY PERKINS
527,645-80-5751,JASMINE MURPHY
528,121-76-6653,MADALINE WILSON
529,658-48-9769,SAM WALKER
530,499-81-4494,GIANNA CASEY
531,328-33-8225,EVELYN COOPER
532,249-13-6842,RAFAEL DAVIS
533,224-14-3937,ALISSA PAYNE
534,897-98-1537,TONY GRAY
535,262-91-3821,BRUCE CAMERON
536,579-77-9891,ARNOLD ELLIS
537,444-16-4298,ANNA MURRAY
538,428-52-9260,LENNY PERRY
539,497-54-7811,ALISSA TAYLOR
540,784-98-3947,AUDREY WALKER
541,326-71-3233,DAINTON BROOKS
542,362-47-5550,VIOLET SPENCER
543,258-69-5476,ERIC COLE
544,539-92-7772,AGATA ROSS
545,630-96-6584,STUART MONTGOMERY
546,194-33-3610,SYDNEY HAWKINS
547,423-72-4061,PRESTON ARMSTRONG
548,344-91-3840,BRUCE MURRAY
549,118-94-6192,JAMES DAVIS
550,700-96-6399,JOYCE MOORE
551,838-73-5413,WALTER MILLER
552,321-30-4323,CHARLIE CASEY
553,422-61-6411,ROMAN ELLIOTT
554,374-69-6752,SOPHIA ADAMS
555,683-48-9653,MADDIE DAVIS
556,914-56-7605,SAM STEVENS
557,438-15-9161,PRESTON STEVENS
558,994-85-2766,CHARLIE MILLER
559,698-42-6700,HAILEY HIGGINS
560,197-96-3678,MILEY MARTIN
561,213-62-6585,JASMINE GIBSON
562,332-79-8928,SYDNEY WATSON
563,273-49-9504,JASMINE PAYNE
564,531-29-7734,PATRICK PARKER
565,550-54-8209,BRUCE MURPHY
566,633-72-3773,MYRA RILEY
567,325-87-5595,ROSIE HOWARD
568,297-69-7905,TED CARROLL
569,665-92-2329,ANTONY MARTIN
570,757-39-8697,ALISA GRANT
571,760-94-5758,MARCUS MOORE
572,841-36-7432,CHESTER WEST
573,783-80-3922,MIKE GRAY
574,460-84-1130,AMBER SULLIVAN
575,827-17-4741,BRUCE COOPER
576,880-44-5575,SAWYER RYAN
577,684-85-4745,MADALINE MONTGOMERY
578,674-81-6197,ASTON BARNES
579,869-88-7735,ABRAHAM SMITH
580,305-79-3129,SOPHIA FERGUSON
581,964-82-4244,SYDNEY FARRELL
582,598-15-5191,ARTHUR PARKER
583,115-93-3991,SABRINA REED
584,524-33-9000,ADAM HARRISON
585,622-80-4551,LUKE HIGGINS
586,109-30-9134,ANNA MURPHY
587,352-43-2248,ALDUS HAWKINS
588,243-17-3625,LUKE COLE
589,368-56-6484,ANNABELLA SPENCER
590,827-73-1974,LENNY HAWKINS
591,440-95-9084,LUCAS HALL
592,567-59-4987,JULIA KELLEY
593,219-35-8790,STEVEN FERGUSON
594,801-45-8945,CHERRY PARKER
595,705-46-4122,TED ROBINSON
596,116-15-7342,RAFAEL BROOKS
597,966-50-3871,REBECCA GRAY
598,862-77-1583,JULIA KELLEY
599,491-16-5156,HAROLD GRAY
600,256-24-9528,ALISA HOLMES
601,847-65-8924,ANTONY MORRISON
602,502-24-3148,LUKE MOORE
603,456-54-6722,DANIEL DAVIS
604,755-53-4156,KIRSTEN MARTIN
605,157-10-5477,PATRICK WRIGHT
606,482-27-3193,ADRIAN WATSON
607,166-76-7697,ANNABELLA PARKER
608,917-22-8091,MARCUS HARRISON
609,892-54-3534,LUCY COLE
610,635-55-4636,DEANNA WALKER
611,567-90-8038,CHARLIE BENNETT
612,218-21-4771,GIANNA HUNT
613,494-90-2656,BRAD PARKER
614,832-50-9267,DANIEL HENDERSON
615,271-60-8480,SIENNA SULLIVAN
616,801-96-2462,ARTHUR THOMPSON
617,255-25-5296,JARED ROBERTS
618,804-34-1084,RUBIE MORRISON
619,177-19-1885,RYAN PERRY
620,620-60-5478,ALEN FOSTER
621,325-32-3234,CHARLIE BAKER
622,870-35-6385,SIENNA MASON
623,751-30-3676,CHARLIE CASEY
624,896-33-4200,JASMINE THOMAS
625,986-99-8101,VALERIA ADAMS
626,726-29-8700,REBECCA TUCKER
627,595-37-2868,STUART CASEY
628,913-73-8631,CHELSEA MORRISON
629,204-45-7211,APRIL ARMSTRONG
630,217-39-8107,ARNOLD SULLIVAN
631,920-58-3094,LENNY PAYNE
632,385-68-6576,ALFRED MORRISON
633,851-26-1853,ANTONY CARROLL
634,206-19-8733,THOMAS WARREN
635,382-19-4187,JESSICA GRAY
636,803-55-9436,SAWYER CLARK
637,597-89-2168,JUSTIN THOMAS
638,800-69-9556,AMBER GRAY
639,485-94-1309,MADALINE ROSS
640,575-72-2332,ALEN CUNNINGHAM
641,801-70-5544,CHARLIE SULLIVAN
642,413-44-3583,PENELOPE ROSS
643,301-45-6107,REBECCA GRANT
644,646-67-5669,JASMINE BARRETT
645,549-32-7061,VIVIAN CAMERON
646,398-27-8766,TONY MOORE
647,873-86-5815,BRUCE PERKINS
648,336-65-2394,DEANNA TURNER
649,429-28-3505,EDGAR GIBSON
650,686-23-6943,LUCAS KELLEY
651,729-82-4025,GARRY COLE
652,204-87-4725,ALISA MURPHY
653,455-36-4232,ASTON ADAMS
654,651-18-3321,HENRY COOPER
655,984-56-4999,VIOLET BENNETT
656,416-71-1919,JULIA REED
657,930-29-5031,ROBERT MYERS
658,980-97-1806,ABIGAIL WARREN
659,569-45-6113,DAINTON MURPHY
660,768-21-2822,ANTONY BAKER
661,775-48-3531,EDITH WARREN
662,253-45-7287,KIRSTEN CHAPMAN
663,238-25-8540,DARYL BROOKS
664,346-51-3206,ADRIAN PARKER
665,342-47-1989,DARYL TAYLOR
666,961-23-2937,PATRICK SPENCER
667,388-46-4764,ANTONY HOWARD
668,420-88-3995,THOMAS JONES
669,925-18-8873,DEANNA THOMAS
670,569-33-8247,MAX MOORE
671,635-89-9310,KATE HIGGINS
672,201-14-5034,JAMES BAKER
673,474-49-3025,EVELYN BROOKS
674,503-44-1913,SIENNA ROBERTS
675,353-95-5276,PAIGE BAKER
676,286-27-5637,DARYL THOMAS
677,228-13-2562,MILEY MOORE
678,126-60-5550,EDDY CASEY
679,546-81-6955,EMMA SMITH
680,624-44-3987,VIOLET WALKER
681,753-29-3762,SYDNEY BROOKS
682,269-96-9616,ALEN PARKER
683,174-81-7355,EMMA BAKER
684,409-74-8360,FENTON BROOKS
685,884-64-3218,ARIANNA ALEXANDER
686,957-17-3132,ELISE ROBINSON
687,784-51-9281,BELINDA GRAY
688,695-69-9911,JASMINE SULLIVAN
689,746-39-7365,VIVIAN HENDERSON
690,499-14-5268,GIANNA COOPER
691,461-30-1799,ROSIE MILLER
692,499-39-2347,HAROLD CHAPMAN
693,620-66-2776,ELISE COOPER
694,828-15-9129,CONNIE BROOKS
695,143-50-4546,MAX ROBINSON
696,465-86-5433,ROSIE COOPER
697,979-14-8963,ARNOLD ROBERTS
698,450-28-2551,SOPHIA PERKINS
699,826-14-3337,EDGAR HAWKINS
700,106-37-1917,VIOLET MORGAN
701,952-97-9863,PENELOPE THOMPSON
702,481-33-2727,TYLER HAWKINS
703,637-65-7132,CONNIE ROBERTS
704,587-85-9034,SYDNEY SMITH
705,938-88-5674,LUCY CAMERON
706,198-46-4686,KATE MORGAN
707,969-48-1230,ALINA ROBERTS
708,514-82-6758,ABIGAIL BROOKS
709,730-24-7814,CHERRY WARREN
710,216-63-6805,JULIA KELLEY
711,556-98-3574,CONNIE WARREN
712,358-22-2618,SPIKE STEVENS
713,636-64-7673,ROSIE MORRISON
714,703-25-8940,DALE BAKER
715,758-22-8768,JENNA THOMPSON
716,119-31-1683,CHARLIE SMITH
717,378-53-9010,KATE REED
718,308-68-4319,RAFAEL CAMPBELL
719,560-66-9169,BRIONY PERKINS
720,843-36-7443,SAMANTHA CHAPMAN
721,549-90-2000,THOMAS JOHNSON
722,302-96-3832,NICOLE HARRIS
723,591-67-1919,HARIS BROOKS
724,247-38-9291,SOFIA SPENCER
725,578-48-3166,CHERRY ARMSTRONG
726,973-45-7831,LENNY NELSON
727,445-75-6969,OLIVIA RILEY
728,226-84-8891,MAXIMILIAN CAMERON
729,496-80-3113,JESSICA ELLIOTT
730,331-45-2726,CHERRY HARPER
731,899-50-7069,BELINDA RILEY
732,616-35-1384,CONNIE NELSON
733,532-64-2030,NICHOLAS EVANS
734,435-82-7275,ASTON HIGGINS
735,304-34-4152,CONNIE ROBERTS
736,799-40-2736,STUART CASEY
737,747-93-3098,GEORGE JONES
738,220-64-7076,ALEN KELLEY
739,523-70-5289,CHESTER THOMPSON
740,295-13-8029,SPIKE TURNER
741,340-59-6054,AGATA TURNER
742,145-14-9164,NATALIE BROOKS
743,325-34-4501,EDITH ELLIS
744,735-95-4119,GEORGE CAMERON
745,996-15-3763,GARRY PHILLIPS
746,118-39-6635,CONNIE RILEY
747,868-28-8721,ALINA BAKER
748,355-29-1096,CHARLIE CAMERON
749,951-16-7222,DEANNA CHAPMAN
750,868-60-7557,DAISY CARROLL
751,627-65-9468,SABRINA MOORE
752,566-51-2974,DARYL DIXON
753,184-46-1452,PATRICK KELLY
754,535-53-2613,AMY CHAPMAN
755,186-60-7122,JAMES HAWKINS
756,506-39-8499,HAROLD WALKER
757,641-66-8842,ELISE TUCKER
758,308-22-5208,HARIS ALLEN
759,515-16-1821,HENRY RILEY
760,465-32-9152,ANTONY HOLMES
761,696-52-7562,ALDUS CUNNINGHAM
762,675-25-4787,PENELOPE CLARK
763,296-83-3166,ALISSA TURNER
764,671-38-3005,EMMA CASEY
765,401-46-7721,FREDDIE CARROLL
766,270-82-9670,ABRAHAM WEST
767,113-81-7732,THOMAS EDWARDS
768,329-43-3840,DARYL MORGAN
769,973-99-3395,ALISSA TUCKER
770,433-74-7065,AGATA BAKER
771,478-13-4020,BELINDA WARREN
772,873-14-9249,ANTONY KELLY
773,102-67-5453,SPIKE WRIGHT
774,166-45-7834,AMANDA THOMPSON
775,656-46-2300,ANTONY WEST
776,604-43-3663,BRUCE STEVENS
777,626-31-6643,LENNY SPENCER
778,866-81-1483,DALE COOPER
779,639-77-2819,NICHOLAS KELLEY
780,375-40-7485,SYDNEY HIGGINS
781,224-26-7824,SYDNEY KELLEY
782,146-43-3639,CARL WARREN
783,261-93-6503,JARED WEST
784,512-89-7659,ABIGAIL GIBSON
785,279-66-5865,SAWYER ARMSTRONG
786,252-88-7527,SIENNA DAVIS
787,505-64-7329,JESSICA SMITH
788,611-15-2943,ALBERT ALLEN
789,924-92-1688,EDDY CARROLL
790,551-71-1988,CHELSEA SMITH
791,857-32-9450,EDITH REED
792,269-70-5883,ANTONY COOPER
793,335-88-3063,BELINDA HOLMES
794,648-14-1793,ALFRED SULLIVAN
795,396-10-2194,PENELOPE SPENCER
796,156-44-1323,ARIANNA SULLIVAN
797,737-56-7691,PATRICK BARNES
798,913-76-7741,ABRAHAM COOPER
799,823-76-4316,ALDUS MONTGOMERY
800,360-25-5693,FLORRIE GIBSON
801,633-42-3277,NATALIE HOWARD
802,100-74-2127,BRIONY WARREN
803,676-80-4657,BRIONY DAVIS
804,324-77-1515,JASMINE KELLEY
805,369-20-4831,FENTON ALLEN
806,169-65-9089,DAINTON EDWARDS
807,394-45-9672,RUBIE BROOKS
808,601-39-3246,REBECCA KELLEY
809,777-98-8853,SAM HOLMES
810,766-33-5079,FIONA MOORE
811,366-88-6522,THOMAS PARKER
812,512-84-2479,JASMINE MORRISON
813,470-35-6682,FENTON BROWN
814,307-85-8648,OLIVIA RYAN
815,763-47-4573,ASTON CLARK
816,856-30-7908,AUDREY BROOKS
817,277-66-5251,PENELOPE FOWLER
818,794-20-3471,ALFORD THOMPSON
819,931-12-3946,ROBERT CARROLL
820,940-13-1225,KATE ARMSTRONG
821,913-69-7115,JAMES WATSON
822,356-95-2561,MARCUS JOHNSON
823,775-33-8087,MIKE MONTGOMERY
824,654-42-6991,LYDIA WEST
825,483-85-7551,ELISE ELLIS
826,364-70-1359,HEATHER CHAPMAN
827,268-64-9536,DAINTON CHAPMAN
828,261-67-9617,FLORRIE DAVIS
829,956-87-3400,TONY ELLIOTT
830,435-53-2752,ALEN WARREN
831,916-35-7074,ALISSA FERGUSON
832,925-80-3623,ANNA HENDERSON
833,252-12-1245,SYDNEY BENNETT
834,434-70-6475,ANNA THOMPSON
835,492-64-2669,NATALIE THOMPSON
836,688-23-2209,KATE HARRISON
837,568-79-6545,THOMAS MOORE
838,982-94-2981,HARIS COLE
839,584-26-6208,PENELOPE BARRETT
840,168-35-4062,SPIKE ROSS
841,560-10-5628,ALEN HARRISON
842,452-84-6865,LYDIA MURPHY
843,369-31-1734,CHESTER WRIGHT
844,276-28-5737,DAISY SPENCER
845,838-26-1229,GIANNA SMITH
846,720-71-3174,ALISSA CAMPBELL
847,995-15-8097,MAX CASEY
848,829-91-7372,MADALINE ALLEN
849,610-44-6638,ROBERT EDWARDS
850,914-66-4924,ARNOLD HOWARD
851,207-74-6619,ROSIE MURRAY
852,254-12-5464,NAOMI MORRISON
853,106-45-9755,FENTON MURPHY
854,205-91-7818,STUART CAMPBELL
855,598-78-1729,ANNABELLA MURRAY
856,727-79-1369,FREDERICK MASON
857,785-83-5443,FREDERICK FARRELL
858,370-13-2156,PENELOPE JONES
859,754-37-2634,LUKE TUCKER
860,358-24-1075,LYDIA FOSTER
861,449-37-3655,CARL HENDERSON
862,103-90-2974,REID SMITH
863,784-75-5657,CHERRY WRIGHT
864,854-18-9362,CHERRY COOPER
865,363-93-3465,ERIC PAYNE
866,920-25-4225,ANTONY ROSS
867,295-45-2325,EDGAR TAYLOR
868,180-77-6235,SOPHIA STEWART
869,531-11-8050,HENRY HARRIS
870,966-51-2214,PENELOPE ARMSTRONG
871,596-61-5914,KATE CAMERON
872,603-36-9711,SYDNEY FARRELL
873,249-69-6860,CONNIE PERRY
874,681-12-4791,KATE ADAMS
875,354-81-8293,MIKE REED
876,342-55-7529,ROSIE HIGGINS
877,994-40-1940,MILEY BAKER
878,761-29-5684,LENNY GIBSON
879,498-47-8377,PATRICK WEST
880,679-64-1667,SIENNA CLARK
881,437-20-8139,NAOMI RILEY
882,653-48-8503,KATE HALL
883,472-99-5830,EDGAR HALL
884,815-32-2666,SYDNEY SMITH
885,644-50-2273,LENNY ALLEN
886,392-79-2423,CONNIE ROSS
887,295-92-8627,MICHAEL MOORE
888,939-23-3471,EDWARD GRAY
889,382-61-3496,VIVIAN ALLEN
890,688-68-7257,CONNIE SPENCER
891,160-39-5827,EDWARD HALL
892,412-79-2867,MADDIE MITCHELL
893,715-76-2272,ALISA COOPER
894,134-17-5405,JENNA BARRETT
895,929-97-2930,GIANNA FERGUSON
896,574-41-5577,STEVEN HUNT
897,726-86-9369,SAM GRAY
898,899-48-1579,DAINTON STEVENS
899,458-53-1471,MIKE CHAPMAN
900,143-20-7474,NICHOLAS RYAN
901,321-24-3258,RAFAEL JONES
902,896-29-8722,JAMES GRAY
903,470-71-8504,ALEN MONTGOMERY
904,249-95-6494,NICOLE GIBSON
905,950-54-3415,ROSIE BARNES
906,897-90-2296,MADALINE ROBERTS
907,629-77-2538,ROBERT CHAPMAN
908,655-76-7340,JAMES HARRIS
909,261-84-3518,TONY LLOYD
910,239-72-7466,ABRAHAM CAMERON
911,256-39-8797,THOMAS CHAPMAN
912,148-65-3031,EVELYN HARRISON
913,886-29-5510,DOMINIK CARROLL
914,156-66-1815,PATRICK GIBSON
915,469-87-1998,JESSICA DAVIS
916,226-37-5623,MAX SULLIVAN
917,975-38-2656,APRIL BROOKS
918,850-11-1032,JOYCE BARNES
919,795-17-1553,SYDNEY ALLEN
920,974-69-5736,SOFIA ELLIOTT
921,593-42-1582,HAROLD HAWKINS
922,703-59-6164,THOMAS HUNT
923,857-72-3264,TONY MYERS
924,570-17-8650,ALISSA HUNT
925,853-75-7679,MADALINE ROSS
926,722-28-6548,BRAD BROOKS
927,500-19-8298,ALEN TUCKER
928,694-55-3977,VIVIAN HOWARD
929,917-57-9824,ASTON ROBINSON
930,305-93-9579,TED SULLIVAN
931,760-95-8396,HEATHER DAVIS
932,413-34-6734,RUBIE HENDERSON
933,764-58-4124,MAX JOHNSTON
934,990-82-1887,CHARLIE CARROLL
935,368-14-9397,JASMINE MONTGOMERY
936,907-74-1899,CONNIE BARNES
937,649-84-2722,OLIVIA CHAPMAN
938,556-26-2828,EMMA KELLEY
939,127-76-3756,ROBERT HARRIS
940,344-84-8708,AMY MILLER
941,891-64-7900,PENELOPE FARRELL
942,969-38-9911,KELLAN COLE
943,751-37-2868,FLORRIE PERKINS
944,592-27-9940,ALEN ROBERTS
945,160-60-1406,SAMANTHA MOORE
946,298-80-2858,ALBERT ARMSTRONG
947,743-33-2351,ALDUS TUCKER
948,299-31-4806,BRIONY MORGAN
949,173-57-8180,TED JONES
950,141-16-4132,APRIL FERGUSON
951,457-69-8636,LUKE CASEY
952,642-24-1377,SAWYER ARMSTRONG
953,305-74-1072,BLAKE FOWLER
954,281-41-4348,EMMA HENDERSON
955,624-89-5259,DARYL WALKER
956,826-19-6611,ALEN CHAPMAN
957,363-65-1939,BYRON TUCKER
958,911-49-3578,JASMINE CARROLL
959,305-72-1798,MILEY EDWARDS
960,564-21-6575,HAILEY ROSS
961,974-89-6560,CHELSEA KELLEY
962,844-87-5250,DALE ALLEN
963,113-38-7017,ARTHUR PERRY
964,401-46-9113,AMELIA MONTGOMERY
965,371-24-2503,SYDNEY HOLMES
966,201-58-2086,GIANNA CASEY
967,574-45-3805,MIKE WARREN
968,822-58-6032,ALFRED HARRIS
969,972-43-5807,PATRICK PERRY
970,420-19-2847,JASMINE GRAY
971,713-39-3480,JARED FOWLER
972,803-24-5431,CHESTER HARRISON
973,840-72-4790,BRAD MOORE
974,833-45-8495,JOYCE JONES
975,763-14-1925,JAMES TURNER
976,146-43-9326,KELLAN HARRISON
977,770-87-5120,FLORRIE TAYLOR
978,372-50-2428,SPIKE ROSS
979,680-85-9937,LUKE GRAY
980,885-68-3513,DAINTON RILEY
981,291-80-8353,OLIVIA WEST
982,722-11-3132,SPIKE MONTGOMERY
983,337-79-1414,LUKE MURPHY
984,387-75-5225,EDGAR HAWKINS
985,511-27-3240,EDWARD TUCKER
986,730-48-4452,JASMINE ELLIS
987,946-68-5007,APRIL REED
988,502-80-9913,LUCAS CHAPMAN
989,569-54-7974,KIRSTEN HENDERSON
990,400-31-3304,EDWARD TUCKER
991,745-40-2130,ADRIAN HARRISON
992,158-96-7898,PATRICK PARKER
993,756-14-9600,TONY PERKINS
994,122-55-2304,CHARLIE GRAY
995,868-15-1337,SOPHIA HENDERSON
996,587-36-4912,CHARLIE WALKER
997,103-58-5598,HARIS FARRELL
998,943-12-2401,ABIGAIL TURNER
999,766-41-5392,LUCAS CARROLL
1000,182-46-3288,JORDAN DAVIS
1001,112-46-8109,MARCUS MASON
1002,574-97-1784,RAFAEL STEWART
1003,392-18-7940,KATE GIBSON
1004,209-39-8744,NICOLE HOLMES
1005,481-82-9447,DALE SMITH
1006,464-50-7768,ARIANNA BROWN
1007,153-96-1223,MARCUS WRIGHT
1008,495-79-3689,SOPHIA KELLY
1009,820-12-9405,ALINA DAVIS
1010,295-76-4808,HARIS JONES
1011,201-45-8701,LUKE LLOYD
1012,910-14-9486,SPIKE THOMPSON
1013,781-60-1155,KELLAN GRAY
1014,174-89-7031,PENELOPE WALKER
1015,456-65-4979,JORDAN ELLIS
1016,448-47-8102,LUCY COLE
1017,954-14-4572,MILEY FOWLER
1018,278-72-2370,THOMAS CHAPMAN
1019,194-93-6165,ROMAN FOWLER
1020,504-25-5608,ANNABELLA WATSON
1021,803-53-9146,EVELYN ALEXANDER
1022,448-90-1014,SAM GRAY
1023,375-16-3199,BELINDA TUCKER
1024,877-87-8808,AUDREY SPENCER
1025,243-92-3037,ANNABELLA GIBSON
1026,485-36-9194,JENNA GIBSON
1027,151-71-8055,ANTONY COLE
1028,349-91-9937,SPIKE MILLER
1029,412-89-3015,LUKE BAKER
1030,387-41-1738,LUKE GIBSON
1031,855-35-4425,AMANDA CARROLL
1032,400-86-9299,PAIGE RICHARDS
1033,105-82-7542,SPIKE HENDERSON
1034,201-70-9357,SYDNEY ROBERTS
1035,289-79-5039,MAXIMILIAN BROOKS
1036,209-63-8528,JENNA CUNNINGHAM
1037,728-56-8668,MYRA BROOKS
1038,780-31-8779,TONY BAKER
1039,417-75-5285,TED MURRAY
1040,462-11-2744,CHARLIE CLARK
1041,542-13-9049,KATE RILEY
1042,372-42-2818,MYRA ROSS
1043,466-98-9667,RICHARD THOMPSON
1044,772-50-2586,ARNOLD KELLEY
1045,828-45-3387,HAROLD GIBSON
1046,755-28-1012,VALERIA CARROLL
1047,807-84-3834,CONNIE ROBERTS
1048,992-67-1655,PENELOPE GRANT
1049,841-61-7687,SYDNEY SULLIVAN
1050,763-54-8579,GARRY MURRAY
1051,110-19-7249,PATRICK GIBSON
1052,553-80-1154,STEVEN LLOYD
1053,770-71-4337,ASTON ROBERTS
1054,743-14-4052,ALFORD MONTGOMERY
1055,976-64-3525,STEVEN SULLIVAN
1056,669-73-8323,ANNA FOWLER
1057,816-85-1978,ANNABELLA HARPER
1058,355-39-9473,ABIGAIL GRAY
1059,477-14-5016,EVELYN GRAY
1060,309-83-3073,EDWARD SULLIVAN
1061,745-63-2332,DALE CLARK
1062,605-86-7667,DALE BAKER
1063,863-28-9647,KATE WATSON
1064,411-59-5933,VALERIA TURNER
1065,189-90-1758,JASMINE HOLMES
1066,834-15-8001,SAM HARRISON
1067,643-85-5705,ALFRED CAMERON
1068,914-88-1842,ALEN MILLER
1069,682-43-6249,JAMES SMITH
1070,500-21-7768,ADRIAN COLE
1071,598-26-4260,BELINDA TAYLOR
1072,169-69-1365,THOMAS MOORE
1073,502-69-5542,DAINTON TAYLOR
1074,674-93-5355,ALINA SPENCER
1075,534-68-8304,JUSTIN ELLIS
1076,231-23-9339,AMY BENNETT
1077,670-86-5122,ROSIE MONTGOMERY
1078,335-27-6496,MADDIE GRAY
1079,587-23-4317,ALISSA ROBERTS
1080,812-30-9016,GIANNA BARRETT
1081,630-23-2664,ALISSA ALEXANDER
1082,326-39-5498,KATE BARNES
1083,216-31-9666,FLORRIE PARKER
1084,127-50-3966,ROSIE GRAY
1085,710-14-5916,CHERRY COLE
1086,552-99-6709,PENELOPE RILEY
1087,425-21-7198,LUCAS MONTGOMERY
1088,481-52-2628,VIVIAN GIBSON
1089,444-27-7596,ALDUS WARREN
1090,994-55-7087,VIOLET HUNT
1091,120-51-9123,BELINDA CAMPBELL
1092,376-54-1120,MILEY MILLER
1093,488-62-9825,CHERRY SULLIVAN
1094,168-88-5744,GIANNA THOMPSON
1095,389-79-2305,OWEN BARRETT
1096,575-78-2868,ARIANNA CLARK
1097,927-19-4378,ALDUS STEWART
1098,269-15-6088,MYRA ROSS
1099,455-23-6251,ALISSA STEVENS
1100,214-52-7371,LUKE GRAY
1101,336-38-3221,THOMAS REED
1102,269-90-2758,ALEN BENNETT
1103,101-88-5411,CAMILA HARRISON
1104,302-45-2628,ALISSA KELLEY
1105,391-77-5915,SAMANTHA MURRAY
1106,667-15-4823,STUART GRAY
1107,217-61-6521,MADDIE REED
1108,827-94-1879,FREDERICK HOLMES
1109,974-68-2080,ALISSA GRAY
1110,403-18-8186,SPIKE NELSON
1111,868-94-7524,DALE TURNER
1112,595-56-8479,HENRY ARMSTRONG
1113,200-10-5779,WALTER BAKER
1114,965-97-7386,MARCUS NELSON
1115,290-33-9190,MICHAEL HARRIS
1116,895-19-7885,BYRON HIGGINS
1117,805-59-7043,AUDREY KELLEY
1118,241-83-6090,STUART ELLIS
1119,633-92-3576,JASMINE HAWKINS
1120,153-47-2716,JASMINE STEWART
1121,979-29-5234,AGATA GIBSON
1122,352-79-7357,LUCY KELLEY
1123,331-40-3428,THOMAS THOMPSON
1124,106-32-5708,EMMA WATSON
1125,586-82-7387,DEANNA SPENCER
1126,386-79-6518,ANNA DAVIS
1127,967-70-3143,CARL CASEY
1128,276-18-9899,ANTONY CAMERON
1129,921-32-8599,DARYL TUCKER
1130,784-70-5626,ANNABELLA MURRAY
1131,694-99-3931,JENNA MURRAY
1132,220-42-4940,DOMINIK ROBERTS
1133,778-47-7759,FREDERICK LLOYD
1134,174-15-6491,ROSIE CASEY
1135,982-70-1294,ALINA KELLY
1136,385-95-1729,VIVIAN BROOKS
1137,185-17-5026,CHARLIE HIGGINS
1138,464-98-2219,DEANNA GRAY
1139,325-78-5504,DEXTER CRAWFORD
1140,199-72-8554,GARRY MOORE
1141,506-89-1601,KATE MORRISON
1142,135-84-6615,ALEN HAWKINS
1143,620-20-4496,SAM SULLIVAN
1144,735-37-9479,AGATA DAVIS
1145,675-99-4635,DEXTER MILLER
1146,872-95-9917,JASMINE PARKER
1147,517-41-5158,CHARLIE CAMERON
1148,398-10-5393,STUART ALEXANDER
1149,485-24-9251,SAWYER ELLIS
1150,324-66-9874,DEANNA MARTIN
1151,678-49-3743,ELISE THOMPSON
1152,328-35-2702,LYDIA KELLEY
1153,707-99-8581,ASTON DAVIS
1154,433-61-8532,JUSTIN COLE
1155,897-51-4365,NICOLE MOORE
1156,907-96-8212,HAROLD MURRAY
1157,923-78-4703,FREDDIE MASON
1158,324-57-4829,SOPHIA CARROLL
1159,676-20-4625,ANNABELLA PHILLIPS
1160,982-40-2518,MAX CUNNINGHAM
1161,704-20-8468,ROBERT FERGUSON
1162,559-87-9642,JESSICA HOWARD
1163,304-21-3868,EVELYN ROBERTS
1164,460-73-7710,AGATA HARRIS
1165,253-13-1484,ALINA WALKER
1166,653-68-3235,NICHOLAS JOHNSON
1167,709-53-6952,WALTER HAWKINS
1168,315-30-3543,RUBIE HOLMES
1169,900-15-3537,NICOLE HENDERSON
1170,147-97-4046,LYDIA THOMAS
1171,448-12-7874,PATRICK CARROLL
1172,521-74-5038,DEANNA MOORE
1173,775-21-5562,EMMA PARKER
1174,984-27-5818,KATE JONES
1175,635-81-7846,CARL SMITH
1176,776-74-4503,CARL CRAWFORD
1177,895-15-6308,DARYL RICHARDS
1178,470-95-8495,ROSIE HENDERSON
1179,655-28-7518,SOPHIA MITCHELL
1180,908-61-8100,ROBERT REED
1181,955-12-2970,JOYCE PAYNE
1182,663-72-5573,PATRICK HAWKINS
1183,603-70-9229,ALDUS HARRIS
1184,136-76-8628,CHESTER HENDERSON
1185,770-72-1873,LUKE ROBERTS
1186,910-11-7328,DEANNA ALLEN
1187,193-89-9659,PAIGE HOLMES
1188,490-75-6710,STUART RILEY
1189,492-56-4316,ANNABELLA WARREN
1190,495-88-9345,CHERRY HUNT
1191,379-97-6538,CHARLIE NELSON
1192,211-64-1425,MICHAEL HOWARD
1193,288-82-1518,ROSIE JONES
1194,541-51-5127,MAX MILLER
1195,701-58-9346,EDITH NELSON
1196,158-49-9073,SPIKE PERKINS
1197,808-48-1806,ROBERT SPENCER
1198,699-69-4367,ASTON STEWART
1199,270-84-8142,ARTHUR JONES
1200,315-22-1556,AUDREY WALKER
1201,446-82-5344,JASMINE HOLMES
1202,242-12-4496,DEANNA RYAN
1203,838-37-1679,GIANNA GRAY
1204,882-12-8543,JOYCE TUCKER
1205,862-49-9444,MADDIE HOLMES
1206,731-28-5747,FLORRIE MONTGOMERY
1207,746-28-2081,ARIANNA ROBERTS
1208,379-69-8568,CONNIE SULLIVAN
1209,603-94-5529,DAISY TURNER
1210,945-65-2899,DEANNA LLOYD
1211,793-19-7681,CHELSEA BENNETT
1212,221-33-4958,CONNIE MASON
1213,948-89-1468,STEVEN ELLIOTT
1214,550-59-2513,DARYL WALKER
1215,495-83-4198,DEXTER RICHARDS
1216,850-10-4155,STUART TAYLOR
1217,454-40-3869,PATRICK MORRISON
1218,821-78-3782,MILEY PERKINS
1219,389-25-3921,ANTONY CARROLL
1220,915-16-5280,CHERRY JOHNSTON
1221,269-53-1953,DANIEL TUCKER
1222,505-21-6656,ANNA MYERS
1223,398-88-5448,ARTHUR CARROLL
1224,418-98-3662,AMY CAMERON
1225,312-35-8473,HAROLD MURRAY
1226,281-71-8827,ALINA HENDERSON
1227,624-49-8873,KIRSTEN BROOKS
1228,884-28-7293,LUCAS GRAY
1229,348-22-4190,APRIL LLOYD
1230,873-47-3359,JASMINE MORRISON
1231,572-55-3548,FENTON SMITH
1232,344-91-8525,PRESTON PERKINS
1233,805-26-2220,BELINDA GIBSON
1234,907-63-5118,SOPHIA GRAY
1235,189-98-3756,ROSIE CUNNINGHAM
1236,330-10-1856,ELISE HAWKINS
1237,613-84-3792,GARRY CUNNINGHAM
1238,807-10-5883,PENELOPE WRIGHT
1239,708-18-4037,ERIC FARRELL
1240,279-15-4543,SABRINA STEVENS
1241,534-50-6051,LUKE WALKER
1242,121-22-1356,DARYL PERRY
1243,775-97-7236,SYDNEY ROBERTS
1244,304-77-5162,MAX BAKER
1245,851-92-1558,WALTER STEVENS
1246,765-11-3643,EDGAR COOPER
1247,723-13-3655,VIOLET RYAN
1248,429-48-9760,MADALINE MURPHY
1249,998-98-3461,ROSIE ALEXANDER
1250,926-18-4392,ADRIAN BENNETT
1251,821-52-3051,ADAM MORRISON
1252,996-50-4778,NICOLE STEVENS
1253,466-16-4098,WALTER LLOYD
1254,632-70-1201,GIANNA GRANT
1255,836-97-8788,VIVIAN BARRETT
1256,405-45-9279,KATE MURPHY
1257,995-53-5949,DANIEL RILEY
1258,379-82-3498,ANNA EVANS
1259,420-77-8383,MILEY REED
1260,588-88-6961,CAMILA COLE
1261,506-18-9616,ALINA HUNT
1262,221-33-3572,ALINA MURPHY
1263,395-99-4683,CONNIE MILLER
1264,234-95-5266,LYDIA MILLER
1265,829-17-9618,HARIS HOWARD
1266,580-70-3004,JENNA HAWKINS
1267,460-14-3856,HAROLD COLE
1268,114-45-9826,DEANNA ALEXANDER
1269,817-16-5726,EVELYN ROBERTS
1270,897-64-2758,DAISY STEWART
1271,708-25-1755,MAX THOMPSON
1272,280-37-5033,ANNABELLA MOORE
1273,908-22-3868,VALERIA BROOKS
1274,124-38-5190,THOMAS MASON
1275,603-52-6584,JARED MASON
1276,754-59-8389,SOPHIA MOORE
1277,202-99-9653,SOPHIA CLARK
1278,360-87-8020,DANIEL BENNETT
1279,780-24-5896,CHARLIE SULLIVAN
1280,343-41-7477,JESSICA JONES
1281,549-14-4520,DAINTON HAWKINS
1282,212-37-5181,ARNOLD TAYLOR
1283,506-36-9267,KATE MORRISON
1284,938-57-7246,CHARLIE ALEXANDER
1285,125-49-2501,MADALINE JONES
1286,176-56-4820,ALFORD ARMSTRONG
1287,230-35-1471,CHARLIE CASEY
1288,589-64-9581,PAIGE ALLEN
1289,884-11-7984,APRIL RICHARDS
1290,527-25-6634,EDITH CAMPBELL
1291,376-68-1677,ALBERT ELLIOTT
1292,746-40-1198,LYDIA STEWART
1293,524-38-2577,SAM ADAMS
1294,150-59-4514,HAROLD GRANT
1295,807-87-4274,HAROLD CHAPMAN
1296,560-87-8541,EMMA ROSS
1297,118-98-7732,LUKE HOLMES
1298,836-13-5469,JUSTIN KELLEY
1299,523-10-5957,DAISY BROOKS
1300,716-53-2902,JARED REED
1301,224-28-3241,SOPHIA HENDERSON
1302,889-87-1818,BRIONY MORRISON
1303,123-82-5213,DANIEL ROBERTS
1304,588-82-2269,ANNA ROSS
1305,911-35-6066,CHESTER MURPHY
1306,910-74-2833,LYDIA JONES
1307,795-33-7737,KATE SMITH
1308,621-79-8169,VALERIA HARRISON
1309,737-37-1651,LENNY ALLEN
1310,434-28-9177,SYDNEY HUNT
1311,904-78-7074,FIONA FOWLER
1312,223-18-3655,LENNY JONES
1313,517-90-4564,DAISY CASEY
1314,251-61-6687,CONNIE ROSS
1315,422-32-2521,JARED BROOKS
1316,326-80-3415,DOMINIK WRIGHT
1317,879-31-4896,SPIKE BENNETT
1318,695-77-1100,HAROLD STEWART
1319,583-12-4633,MILEY PAYNE
1320,457-32-7961,JENNA ROSS
1321,963-63-5686,VIOLET HARRISON
1322,279-30-3570,AMANDA ARMSTRONG
1323,799-38-1638,BELINDA PHILLIPS
1324,640-60-4419,JORDAN SMITH
1325,771-97-2732,ELISE DIXON
1326,360-63-5353,EDGAR JOHNSTON
1327,279-48-1909,GIANNA ROSS
1328,166-62-5155,BRAD THOMPSON
1329,353-99-4326,ARNOLD WATSON
1330,746-16-7895,DALE HOLMES
1331,551-98-6422,FLORRIE FOWLER
1332,842-51-1573,OLIVIA BAKER
1333,462-70-4495,SOFIA GRANT
1334,100-98-1848,ASTON COOPER
1335,319-32-9602,VIOLET MONTGOMERY
1336,273-33-7540,ALFORD EDWARDS
1337,413-85-8786,EMMA BROOKS
1338,864-31-6787,ELISE ELLIOTT
1339,992-79-5184,HARIS WARREN
1340,301-94-3212,SABRINA COLE
1341,552-40-1854,JESSICA REED
1342,789-99-2508,DALE JONES
1343,579-58-8310,PENELOPE WEST
1344,891-78-1969,ABRAHAM STEWART
1345,196-45-7783,STUART ROBERTS
1346,543-81-1633,DOMINIK ELLIOTT
1347,954-77-3115,SPIKE JOHNSTON
1348,823-49-3481,PENELOPE WALKER
1349,151-64-3820,PATRICK KELLEY
1350,760-73-7490,PRESTON HOLMES
1351,771-21-7584,DALE HIGGINS
1352,645-26-8382,ANTONY ARMSTRONG
1353,722-92-1191,ARNOLD CARROLL
1354,744-45-7417,ANTONY WEST
1355,286-84-7704,SPIKE RICHARDS
1356,480-14-6136,ALDUS NELSON
1357,307-65-3473,CAMILA MOORE
1358,934-75-5647,JOYCE STEVENS
1359,547-61-2429,ALINA GRAY
1360,720-20-9112,KATE FERGUSON
1361,437-53-2185,OLIVIA CAMERON
1362,381-46-2799,STEVEN CUNNINGHAM
1363,309-65-5904,ASTON WRIGHT
1364,635-30-2866,ALISSA BARNES
1365,388-56-2836,EMMA PAYNE
1366,754-90-7412,THOMAS CARROLL
1367,551-60-4310,RICHARD CASEY
1368,620-72-2700,CAMILA DAVIS
1369,167-23-1896,VIVIAN CASEY
1370,341-48-4644,CONNIE MOORE
1371,451-88-5160,SOFIA TUCKER
1372,990-44-6603,GIANNA TUCKER
1373,594-76-4423,ROSIE SULLIVAN
1374,313-55-4511,TED DAVIS
1375,815-57-9334,SPIKE HOWARD
1376,968-57-9757,SAMANTHA TURNER
1377,125-18-1977,ARTHUR GIBSON
1378,756-95-9287,MAX JONES
1379,679-64-1133,JASMINE MOORE
1380,682-82-9955,DEANNA SPENCER
1381,265-40-6577,JENNA WATSON
1382,532-30-6920,ALINA WALKER
1383,799-22-6525,ASTON CHAPMAN
1384,989-50-2876,VIOLET HALL
1385,940-33-8439,KIRSTEN WALKER
1386,635-19-6490,CHARLIE DAVIS
1387,921-45-2404,AMELIA ELLIS
1388,454-90-7688,SPIKE STEVENS
1389,133-94-8184,RYAN CARROLL
1390,677-76-3223,BELINDA KELLEY
1391,730-52-7597,CONNIE CARROLL
1392,655-57-3061,MILEY ARMSTRONG
1393,818-86-6992,MYRA STEVENS
1394,101-88-9125,TONY THOMPSON
1395,781-47-8284,ALBERT CASEY
1396,150-84-9167,HAILEY CAMERON
1397,459-26-5401,JAMES KELLEY
1398,770-35-6616,BLAKE ROSS
1399,985-51-5329,THOMAS SULLIVAN
1400,261-36-6385,EDDY CARROLL
1401,212-58-7304,LUCY GIBSON
1402,950-97-6257,DARYL COOPER
1403,506-26-7619,TED HAWKINS
1404,287-69-8159,AUDREY WALKER
1405,176-18-6399,FENTON MARTIN
1406,678-44-8856,EDGAR COLE
1407,788-71-6443,MAXIMILIAN CARROLL
1408,717-79-7056,OWEN RILEY
1409,194-52-3323,SAM PARKER
1410,353-74-9745,OWEN ROBERTS
1411,113-51-4145,CHELSEA COOPER
1412,627-12-8170,THOMAS MILLER
1413,826-67-6905,LUCAS COLE
1414,892-25-3835,LUCAS MORGAN
1415,211-81-6721,JASMINE ROSS
1416,673-26-9865,GEORGE CAMPBELL
1417,125-74-8297,CHARLIE ALLEN
1418,811-42-4099,SOPHIA CHAPMAN
1419,606-82-9851,KELLAN BROOKS
1420,623-28-5675,JUSTIN SPENCER
1421,881-62-9157,ELISE EVANS
1422,587-80-9271,BRIONY MARTIN
1423,821-84-3826,PATRICK SMITH
1424,657-30-4771,HARIS CAMPBELL
1425,889-21-9909,BRAD SPENCER
1426,821-28-8637,DALE THOMAS
1427,642-80-8754,AMELIA THOMPSON
1428,115-90-7816,AMANDA ARMSTRONG
1429,866-13-7665,JOYCE GIBSON
1430,391-95-4342,CONNIE MURPHY
1431,400-70-5264,KATE CAMPBELL
1432,889-46-8122,ROSIE KELLY
1433,218-64-6225,JOYCE DIXON
1434,190-85-6476,SYDNEY CARTER
1435,842-75-9896,KATE PARKER
1436,234-83-6165,ANNA HIGGINS
1437,474-72-4743,KATE HARRISON
1438,492-92-5382,PATRICK BARRETT
1439,274-35-9486,VIOLET HOWARD
1440,142-13-6340,NICHOLAS SMITH
1441,488-75-6655,DAINTON EVANS
1442,724-72-8076,THOMAS JONES
1443,829-34-3634,MADALINE DIXON
1444,162-84-7672,LENNY TUCKER
1445,670-57-5602,WALTER CHAPMAN
1446,704-70-5564,STUART GIBSON
1447,551-52-4504,BRIONY ALEXANDER
1448,654-90-6704,AUDREY ROSS
1449,307-32-9128,SOFIA RICHARDS
1450,483-68-2406,TONY HARRISON
1451,168-49-8069,ADRIAN HALL
1452,529-26-1724,FLORRIE MORRISON
1453,576-77-6556,AMY MURRAY
1454,953-53-6103,DOMINIK TUCKER
1455,444-95-6501,AUDREY GRAY
1456,830-72-4354,CARL BROOKS
1457,113-90-6264,CHESTER HUNT
1458,515-19-5135,PAIGE RYAN
1459,183-45-1800,SPIKE RYAN
1460,457-94-2006,BELINDA MOORE
1461,536-37-6427,ERIC KELLEY
1462,313-80-7400,LYDIA WATSON
1463,891-28-1593,DOMINIK GRANT
1464,680-57-9498,JUSTIN ELLIS
1465,552-19-3742,DANIEL MILLER
1466,176-77-6489,DALE CLARK
1467,360-99-4935,ABIGAIL ROSS
1468,306-95-7847,REBECCA CARTER
1469,853-76-8762,ALISSA ALLEN
1470,638-66-3226,SIENNA SPENCER
1471,610-16-6582,JUSTIN THOMAS
1472,701-57-6911,KRISTIAN CLARK
1473,225-10-4406,ALFORD GRAY
1474,475-78-6071,PAIGE SMITH
1475,429-68-5258,SOPHIA BENNETT
1476,690-49-2665,DEXTER BENNETT
1477,469-62-9693,THOMAS THOMAS
1478,922-58-5735,SYDNEY MURRAY
1479,479-82-4776,EMMA WARREN
1480,771-53-7827,HENRY HIGGINS
1481,633-89-1063,SIENNA DAVIS
1482,625-85-4270,ALEN MORRIS
1483,975-80-8215,JESSICA NELSON
1484,187-32-6886,ALINA MORGAN
1485,769-51-2443,KELLAN TAYLOR
1486,732-36-7781,DARYL PARKER
1487,319-52-3917,ROBERT ROSS
1488,137-58-5005,BRIONY STEVENS
1489,754-62-1445,JENNA HARRIS
1490,283-73-5631,BYRON RILEY
1491,550-68-6900,JENNA ROSS
1492,657-38-6198,CHESTER PARKER
1493,787-14-1101,PATRICK HOLMES
1494,514-84-5392,VIVIAN GRAY
1495,467-33-2537,JENNA THOMPSON
1496,895-82-6231,ALISSA SULLIVAN
1497,331-27-1154,PATRICK CARROLL
1498,106-23-8883,SIENNA LLOYD
1499,369-46-7170,ARIANNA GIBSON
1500,479-31-3808,JASMINE ROBERTS
1501,755-24-1301,ALEN HOLMES
1502,984-67-2857,FENTON GRANT
1503,788-43-1994,JARED CLARK
1504,894-34-7459,CARL SMITH
1505,557-99-7244,FENTON FOWLER
1506,146-39-7181,HENRY CAMERON
1507,762-85-2372,GEORGE MURPHY
1508,467-43-9117,DALE ROBERTS
1509,458-55-7148,ARTHUR CASEY
1510,970-53-4343,ELISE THOMPSON
1511,196-58-2782,AGATA SULLIVAN
1512,743-78-5499,TONY RICHARDS
1513,912-66-2732,DAISY BARRETT
1514,176-38-4708,LUCY HUNT
1515,224-93-2852,EVELYN HIGGINS
1516,784-54-9057,EDITH REED
1517,601-49-2326,ARIANNA SPENCER
1518,160-30-8880,KIRSTEN MONTGOMERY
1519,479-89-9035,LYDIA WRIGHT
1520,374-21-2164,TONY CHAPMAN
1521,837-38-7350,ARNOLD PARKER
1522,417-71-9794,FREDDIE COOPER
1523,121-15-4565,WALTER BAKER
1524,668-53-4134,JULIA PARKER
1525,344-93-4305,JASMINE RICHARDS
1526,243-58-9786,ALFRED ELLIOTT
1527,350-23-6799,ALISSA ROSS
1528,611-64-4313,OWEN SULLIVAN
1529,934-56-2357,KRISTIAN MORRIS
1530,961-91-6025,CARL ELLIOTT
1531,169-44-3355,STEVEN CUNNINGHAM
1532,493-29-4622,ARTHUR THOMPSON
1533,827-89-3170,NICOLE BROOKS
1534,140-22-8163,EDITH ROBERTS
1535,588-59-4178,AMELIA BARRETT
1536,164-91-3197,ANNABELLA COOPER
1537,805-41-7119,DARYL KELLEY
1538,653-62-8005,STUART MILLER
1539,784-57-4241,GARRY MOORE
1540,232-88-7434,GARRY MARTIN
1541,376-16-8051,JASMINE WATSON
1542,377-92-2459,KIRSTEN SMITH
1543,225-41-1801,APRIL MURRAY
1544,189-54-8085,MADDIE ALEXANDER
1545,972-64-8345,ALDUS JONES
1546,330-62-1142,PENELOPE ELLIS
1547,977-13-5158,AMANDA MILLER
1548,548-30-4256,CHELSEA REED
1549,904-35-1694,LUKE TUCKER
1550,739-83-4345,ARTHUR JONES
1551,120-13-6793,ELISE BROOKS
1552,117-38-4949,JAMES JOHNSTON
1553,593-65-1712,HAILEY PARKER
1554,642-41-8877,THOMAS SULLIVAN
1555,131-29-9970,TONY BARNES
1556,987-34-4672,HARIS HOWARD
1557,211-66-9793,DALE DIXON
1558,975-10-6191,ADRIAN NELSON
1559,188-20-4460,NATALIE MITCHELL
1560,429-75-2604,ANTONY CUNNINGHAM
1561,203-86-6186,MICHAEL LLOYD
1562,374-20-2626,FREDDIE SULLIVAN
1563,264-67-1844,DAINTON THOMAS
1564,560-77-9405,ELISE HARRIS
1565,487-30-8638,FENTON HOLMES
1566,120-72-9414,ASTON MONTGOMERY
1567,201-24-8132,ANNA FOSTER
1568,285-93-4622,JESSICA MOORE
1569,618-83-3989,ANNABELLA KELLEY
1570,350-26-5037,BRIONY HAWKINS
1571,614-61-9568,SYDNEY BENNETT
1572,455-82-9826,CAMILA MILLER
1573,580-48-2046,CONNIE WATSON
1574,964-80-3039,ROSIE CARROLL
1575,430-20-1056,SAMANTHA CARROLL
1576,899-96-7278,DEANNA TAYLOR
1577,194-38-6499,EVELYN HENDERSON
1578,247-73-8770,JARED KELLY
1579,951-37-3582,DAISY JONES
1580,653-43-9282,ASTON WALKER
1581,618-37-4749,ADRIAN STEVENS
1582,825-63-8141,CHARLIE COOPER
1583,911-23-3002,ANNA ROSS
1584,681-59-1323,SIENNA CARTER
1585,795-61-7664,JASMINE THOMPSON
1586,574-34-6047,ROSIE MONTGOMERY
1587,768-67-4475,ALISA WILSON
1588,403-12-2344,DARYL HIGGINS
1589,252-37-4966,FREDERICK GRAY
1590,804-26-2989,HARIS JONES
1591,948-64-6124,SYDNEY SPENCER
1592,790-97-3940,BLAKE CAMERON
1593,867-22-7257,SYDNEY CLARK
1594,440-33-5940,HEATHER CARTER
1595,581-56-7697,DANIEL ELLIS
1596,811-51-6414,SIENNA CLARK
1597,475-67-4921,CARL COOPER
1598,709-12-2212,JASMINE RYAN
1599,593-60-2514,CONNIE TURNER
1600,427-31-8496,ALBERT MILLER
1601,847-90-2467,KATE ROSS
1602,720-36-2450,VALERIA MURRAY
1603,908-22-5521,CHERRY JOHNSON
1604,938-38-5036,ABIGAIL WALKER
1605,122-31-9562,HARIS DAVIS
1606,284-21-7245,DAINTON JOHNSTON
1607,504-62-2486,WALTER MYERS
1608,960-32-5189,NAOMI MOORE
1609,692-60-3421,JESSICA ROBINSON
1610,934-47-4889,RYAN MURRAY
1611,392-68-7929,SYDNEY SULLIVAN
1612,305-89-4181,MAX WRIGHT
1613,191-12-3377,FREDDIE HOLMES
1614,174-20-6071,GIANNA ALLEN
1615,377-41-2998,MADDIE RYAN
1616,818-54-2886,DAISY MOORE
1617,544-75-1298,ARNOLD SMITH
1618,294-43-1320,DAINTON CASEY
1619,978-21-3734,ANNA WEST
1620,844-48-5673,DARYL BAKER
1621,842-63-3737,NICOLE HOLMES
1622,676-77-1582,CHERRY HUNT
1623,374-15-4814,DANIEL WATSON
1624,496-62-9591,ARIANNA JONES
1625,278-13-7581,CHERRY BARNES
1626,367-98-3184,JASMINE CARROLL
1627,455-47-9380,CONNIE FOSTER
1628,174-52-8976,EMMA ELLIS
1629,703-22-1751,ALINA CHAPMAN
1630,152-80-6013,SAMANTHA JOHNSON
1631,669-26-7717,ARIANNA MONTGOMERY
1632,833-87-8420,SIENNA COLE
1633,287-60-7243,BRAD TUCKER
1634,898-51-9270,JENNA HAWKINS
1635,804-17-2800,CONNIE JONES
1636,903-15-1746,SYDNEY HUNT
1637,109-35-7639,ANNA HUNT
1638,846-37-7249,KATE RICHARDS
1639,193-80-9962,LENNY TUCKER
1640,497-75-8263,JASMINE HUNT
1641,958-90-6759,EDWARD BARRETT
1642,614-17-6311,MAXIMILIAN REED
1643,796-33-2271,ARNOLD ROSS
1644,278-13-2833,RAFAEL BROWN
1645,234-48-4453,LENNY DIXON
1646,418-21-3227,OLIVIA COOPER
1647,123-43-2023,HEATHER GRAY
1648,202-40-3658,AMY WARREN
1649,371-22-2358,SABRINA ARMSTRONG
1650,965-47-6099,PATRICK ARMSTRONG
1651,505-45-8264,ABRAHAM WALKER
1652,840-85-3449,GIANNA BROOKS
1653,299-58-1098,SOFIA MYERS
1654,631-18-5143,JULIA HARRIS
1655,680-11-4194,DEANNA ELLIS
1656,260-51-3639,SYDNEY ROBERTS
1657,868-24-6184,NAOMI REED
1658,950-15-8228,KATE PAYNE
1659,873-27-7188,ARIANNA HARRISON
1660,615-58-8045,CHERRY HOWARD
1661,203-60-7612,TYLER HARRISON
1662,165-50-4838,OLIVIA STEVENS
1663,616-67-8697,BELINDA ROSS
1664,334-24-4040,MADALINE ALEXANDER
1665,968-18-4641,KRISTIAN SPENCER
1666,411-80-9985,AGATA MILLER
1667,764-45-3827,VALERIA DIXON
1668,527-41-8372,CONNIE TUCKER
1669,404-14-5666,DARYL CARROLL
1670,579-43-3746,DALE COOPER
1671,810-97-1125,LUKE CUNNINGHAM
1672,652-42-5826,TYLER CAMERON
1673,567-35-9367,FREDERICK WARREN
1674,241-82-6381,EMMA HOWARD
1675,637-13-8972,CARL JONES
1676,158-75-4923,DEANNA MASON
1677,928-91-6435,SPIKE ALEXANDER
1678,905-74-4103,SYDNEY PERKINS
1679,908-47-6470,DAISY ALLEN
1680,480-47-5909,STUART SULLIVAN
1681,920-96-7715,JENNA SMITH
1682,238-46-1941,GEORGE ROBERTS
1683,822-89-4390,EDDY BAKER
1684,231-30-9132,JESSICA MONTGOMERY
1685,407-63-3190,ALBERT PERKINS
1686,884-34-7424,LUCAS ROBERTS
1687,357-22-4952,GEORGE FARRELL
1688,977-77-5640,ALEN SPENCER
1689,468-86-9771,JASMINE ELLIOTT
1690,199-61-1660,CHERRY MORGAN
1691,944-75-1851,EDGAR COOPER
1692,143-38-4523,SYDNEY ROSS
1693,236-67-3291,ALISSA BARRETT
1694,468-28-8546,DAISY MASON
1695,944-71-7587,CHARLIE PHILLIPS
1696,936-12-5044,FENTON SULLIVAN
1697,813-36-4000,REBECCA BAKER
1698,291-13-2580,VIOLET KELLEY
1699,922-23-3790,HARIS ELLIOTT
1700,770-58-9583,THOMAS ARMSTRONG
1701,283-93-3985,DARYL GRANT
1702,230-34-8554,DEANNA ELLIOTT
1703,168-33-5130,LYDIA GRANT
1704,668-30-1100,THOMAS MASON
1705,955-47-6932,PRESTON HUNT
1706,655-54-6884,JUSTIN JOHNSON
1707,387-18-8349,CHARLIE WILSON
1708,304-52-1285,CONNIE BARRETT
1709,407-82-1610,MADALINE CARTER
1710,710-61-2815,DARYL WATSON
1711,762-61-5520,THOMAS SPENCER
1712,523-77-2773,GEORGE CHAPMAN
1713,900-11-9729,HEATHER HOLMES
1714,558-87-3864,LYDIA CUNNINGHAM
1715,663-21-5239,ARTHUR PERKINS
1716,875-94-3873,ALISSA BENNETT
1717,712-27-7072,ARNOLD CRAWFORD
1718,918-34-8127,EMMA FARRELL
1719,696-24-9247,CONNIE PERRY
1720,942-46-2495,ALFORD MARTIN
1721,672-69-4570,ALBERT CASEY
1722,451-50-3960,ROSIE HALL
1723,412-55-1913,PRESTON BAKER
1724,859-15-8650,ANTONY CHAPMAN
1725,308-68-9265,SAM CAMERON
1726,195-43-9870,DEXTER WALKER
1727,331-23-1133,JORDAN ARMSTRONG
1728,506-25-4078,ALDUS MORRISON
1729,773-10-5182,SAMANTHA GRAY
1730,867-63-4243,JESSICA CUNNINGHAM
1731,954-16-9252,MADALINE BAKER
1732,747-81-2173,ROMAN RICHARDS
1733,768-63-8486,LYDIA MORRISON
1734,611-19-9411,HAROLD RYAN
1735,702-69-8224,KATE SULLIVAN
1736,146-44-7424,JOYCE GRAY
1737,748-95-6078,AMY CHAPMAN
1738,142-37-1061,BLAKE MILLER
1739,243-79-2574,ANNA FARRELL
1740,198-45-6694,DOMINIK CRAWFORD
1741,679-94-8008,SYDNEY PERKINS
1742,568-56-7127,AMANDA ROBINSON
1743,385-84-7708,AGATA MITCHELL
1744,933-43-8892,CHARLIE CAMERON
1745,667-13-2018,ROSIE HUNT
1746,601-98-1483,ANNABELLA WALKER
1747,218-76-7347,DAISY MOORE
1748,659-22-3831,MYRA KELLEY
1749,173-38-3960,APRIL CASEY
1750,453-47-6591,ALISSA CLARK
1751,636-96-8198,FREDERICK WALKER
1752,313-58-7304,AMANDA MORRISON
1753,989-15-3475,FENTON DAVIS
1754,526-93-6872,LENNY ROSS
1755,370-21-8601,LENNY KELLY
1756,253-87-1986,TED ALLEN
1757,858-79-9418,ALDUS THOMPSON
1758,446-78-1418,EMMA CLARK
1759,968-63-4418,BRIONY MASON
1760,404-11-9301,VIVIAN MOORE
1761,329-77-9386,GEORGE BROOKS
1762,890-62-1118,CONNIE CUNNINGHAM
1763,858-98-3836,AUDREY BENNETT
1764,267-42-1533,DARYL FERGUSON
1765,422-40-2994,TONY BROOKS
1766,354-32-2959,EDDY RICHARDS
1767,492-32-4693,CHERRY HARRISON
1768,538-73-6029,THOMAS NELSON
1769,319-94-5244,SOFIA ARMSTRONG
1770,614-57-1604,MAX BAKER
1771,725-24-9810,MAX MARTIN
1772,276-17-7573,FENTON KELLY
1773,350-98-4166,SABRINA HOWARD
1774,701-70-3820,DEANNA MOORE
1775,953-25-4579,AUDREY SPENCER
1776,686-99-8538,JASMINE JONES
1777,752-86-9185,CONNIE ROBERTS
1778,560-53-4560,ALDUS THOMAS
1779,921-15-7055,AMANDA KELLEY
1780,460-24-7066,FREDDIE SPENCER
1781,993-81-9368,FREDDIE GIBSON
1782,564-39-1873,VIVIAN WILSON
1783,943-88-7814,ASTON CHAPMAN
1784,223-76-5908,SAWYER COLE
1785,405-26-8843,TED SMITH
1786,929-30-6998,DALE BARNES
1787,558-80-5974,BLAKE HUNT
1788,793-30-3403,DAISY BROWN
1789,679-92-4306,SOPHIA DAVIS
1790,443-68-7868,TYLER ROSS
1791,244-26-8920,VIOLET HOLMES
1792,771-66-2038,FENTON HARRISON
1793,312-52-5418,EDGAR BARRETT
1794,996-47-2544,MICHAEL COOPER
1795,808-62-1492,LYDIA COLE
1796,498-91-8955,JULIA FOSTER
1797,288-11-2171,ADAM MORRISON
1798,228-87-2281,HAILEY ROBERTS
1799,974-58-1186,BLAKE MARTIN
1800,775-93-9775,LUKE WATSON
1801,455-21-4883,THOMAS HARRIS
1802,214-50-4166,FENTON ROBINSON
1803,880-42-4375,ALFRED MILLER
1804,795-18-3275,CHARLIE ALEXANDER
1805,468-92-9956,ROMAN HENDERSON
1806,803-70-5660,EDITH MILLER
1807,981-97-4304,EDWARD BARNES
1808,391-92-4791,NAOMI KELLEY
1809,939-37-2232,CAMILA SMITH
1810,140-98-6219,CHERRY FOWLER
1811,461-77-7324,SAMANTHA JONES
1812,946-43-8689,REID HIGGINS
1813,807-50-9973,ALISSA RICHARDS
1814,717-42-1072,ALEN SULLIVAN
1815,951-30-6575,SAMANTHA MURPHY
1816,432-39-8650,LENNY BARNES
1817,833-57-3190,ANTONY CUNNINGHAM
1818,891-66-8023,GIANNA CUNNINGHAM
1819,834-76-4185,LUCAS HENDERSON
1820,646-57-6624,MAXIMILIAN LLOYD
1821,858-83-5712,CHERRY FERGUSON
1822,179-68-4609,ROBERT MASON
1823,879-90-7503,GEORGE WALKER
1824,782-16-5682,ABIGAIL BAKER
1825,293-34-7021,NICHOLAS ARMSTRONG
1826,900-55-2861,LYDIA BROWN
1827,875-30-8614,SOPHIA HENDERSON
1828,626-94-4953,DOMINIK BAKER
1829,729-32-2030,JAMES BROOKS
1830,342-60-8652,HAROLD RYAN
1831,386-53-9034,SYDNEY WARREN
1832,704-61-6089,ROSIE MURPHY
1833,560-42-1514,FIONA BROOKS
1834,213-94-2022,SYDNEY HAWKINS
1835,950-96-6890,VALERIA DIXON
1836,668-73-3899,LUKE MORRISON
1837,638-40-7961,CONNIE RILEY
1838,344-30-4194,MILEY ROBERTS
1839,969-29-7894,ERIC MILLER
1840,816-79-4915,JAMES THOMAS
1841,982-41-5129,ARNOLD BARNES
1842,246-26-8336,DARYL BROOKS
1843,276-26-7361,ALISSA JOHNSON
1844,146-34-9020,CHARLIE FARRELL
1845,198-65-5470,JOYCE WEST
1846,951-44-4418,LUCY ROBINSON
1847,371-89-4748,BLAKE ROBERTS
1848,465-22-8877,SPIKE COLE
1849,544-93-4463,FLORRIE BROOKS
1850,152-87-7479,DARYL EVANS
1851,795-21-5865,SPIKE HUNT
1852,406-30-6444,ARTHUR TURNER
1853,197-23-4457,ABRAHAM FOSTER
1854,812-45-6959,KELLAN MURPHY
1855,935-48-1703,SAWYER FOSTER
1856,342-98-3065,MYRA BARNES
1857,667-51-5333,KIRSTEN FARRELL
1858,552-71-7442,LUCY MORGAN
1859,607-50-2293,AUDREY CARTER
1860,258-83-1171,SPIKE THOMAS
1861,178-45-3470,CHERRY RICHARDS
1862,613-80-6036,JARED MURPHY
1863,280-85-6555,HARIS HUNT
1864,380-62-2261,VALERIA CLARK
1865,585-22-6771,ALISA TUCKER
1866,197-44-4273,OWEN FOSTER
1867,547-12-9209,AUDREY BROOKS
1868,653-38-8721,FIONA PARKER
1869,976-13-5324,DARYL BROOKS
1870,997-75-5842,REID HOWARD
1871,876-47-2941,SYDNEY PAYNE
1872,545-54-8002,ANNA LLOYD
1873,595-54-3639,HENRY SPENCER
1874,400-28-4164,FLORRIE DAVIS
1875,616-20-3049,ABIGAIL BROOKS
1876,415-52-4180,DAISY BROOKS
1877,119-42-9308,BRIONY SULLIVAN
1878,160-29-6928,AGATA KELLEY
1879,302-99-4267,ROSIE MORGAN
1880,622-53-8097,HARIS SMITH
1881,916-91-8617,LYDIA HOLMES
1882,865-35-1145,SYDNEY STEVENS
1883,396-54-2212,JASMINE SPENCER
1884,167-44-3021,LYDIA PHILLIPS
1885,257-40-7069,EMMA ALEXANDER
1886,387-49-6165,FENTON ROBERTS
1887,603-40-2707,LUKE FOSTER
1888,936-45-9028,MYRA CUNNINGHAM
1889,649-55-1957,MIKE ALEXANDER
1890,687-92-1490,KRISTIAN MASON
1891,537-57-4541,CARL SMITH
1892,657-59-8882,NICHOLAS ALEXANDER
1893,289-72-5026,ALISA WATSON
1894,301-69-2244,SPIKE BROOKS
1895,903-32-6029,GIANNA WARREN
1896,290-13-6805,AMY MURRAY
1897,765-61-1809,SOFIA WEST
1898,200-36-5562,DAISY CAMERON
1899,619-11-7152,ROMAN TURNER
1900,601-21-3488,BRAD COLE
1901,414-72-7739,LYDIA HARRISON
1902,368-62-6049,ANTONY BROWN
1903,316-86-4397,ANNA STEWART
1904,649-89-4348,AGATA WRIGHT
1905,383-74-1493,SIENNA CARROLL
1906,445-16-4067,JASMINE JONES
1907,200-63-8285,NICHOLAS MITCHELL
1908,734-11-8785,SAWYER BENNETT
1909,362-70-8673,CAMILA BROWN
1910,531-79-3534,NICHOLAS HENDERSON
1911,672-16-8340,MIKE BAKER
1912,565-68-9090,KATE CLARK
1913,627-13-4238,JAMES ROBERTS
1914,913-42-7282,DOMINIK SULLIVAN
1915,875-67-6215,CHARLIE WALKER
1916,264-60-2199,AGATA ROSS
1917,311-96-7432,EDWARD MURPHY
1918,227-65-2212,SABRINA COLE
1919,447-56-1437,DARYL HIGGINS
1920,929-77-3443,MILEY EVANS
1921,155-70-4499,NATALIE KELLEY
1922,239-11-1359,TED THOMPSON
1923,322-92-6080,KATE BROOKS
1924,103-25-9241,ARTHUR BARRETT
1925,267-71-9121,GARRY KELLEY
1926,883-97-3376,RICHARD PERRY
1927,110-10-8239,PENELOPE MYERS
1928,467-51-9756,SPIKE JOHNSON
1929,748-12-2224,ROMAN WEST
1930,233-39-1102,BRIONY CHAPMAN
1931,844-60-1574,CONNIE GRAY
1932,662-64-6363,ARNOLD TUCKER
1933,491-53-5913,EMMA ROBERTS
1934,293-26-1138,DAISY HENDERSON
1935,663-36-2374,TYLER PHILLIPS
1936,244-83-4060,CARL CASEY
1937,839-69-7221,KATE BROOKS
1938,526-41-8659,SPIKE BARRETT
1939,349-90-3734,CHELSEA ELLIOTT
1940,180-87-4921,THOMAS HIGGINS
1941,978-89-4787,SYDNEY HARPER
1942,939-57-7561,ALISSA DAVIS
1943,398-29-2186,BLAKE HOWARD
1944,956-53-6510,RYAN CARROLL
1945,651-99-3269,GARRY BARNES
1946,598-17-8236,EDDY HARRISON
1947,468-34-1346,DEANNA PARKER
1948,117-84-6647,ANNA ALEXANDER
1949,860-56-9914,GEORGE WARREN
1950,924-67-3387,SYDNEY COLE
1951,509-12-3238,KRISTIAN TUCKER
1952,109-73-3826,KATE REED
1953,997-23-1976,LUCY BROOKS
1954,862-84-6733,ROSIE HOLMES
1955,911-80-2769,SAMANTHA EDWARDS
1956,453-24-8702,ADRIAN WALKER
1957,551-45-7951,KATE MASON
1958,590-95-6571,GEORGE PARKER
1959,421-59-9178,AMBER CUNNINGHAM
1960,655-99-2207,PATRICK MONTGOMERY
1961,302-76-3149,BLAKE BAKER
1962,217-49-1351,EDDY GIBSON
1963,561-55-1580,KATE ROBERTS
1964,510-85-7944,LUCY LLOYD
1965,530-27-8602,EMMA CAMERON
1966,245-27-9565,KELLAN HENDERSON
1967,167-47-8545,LYDIA MORRIS
1968,276-88-5014,THOMAS WARREN
1969,707-80-4536,LUKE CHAPMAN
1970,730-17-9837,DALE GRANT
1971,936-45-8340,DALE SULLIVAN
1972,430-97-6863,BRIONY STEWART
1973,670-30-8831,ADAM WARREN
1974,878-91-8129,LENNY CRAWFORD
1975,561-92-1324,LYDIA BAKER
1976,812-76-9056,ALISA RILEY
1977,122-19-3769,KATE PARKER
1978,586-34-2097,ALDUS SPENCER
1979,385-49-8198,SOFIA CAMPBELL
1980,372-20-4897,MADALINE WRIGHT
1981,919-70-6950,DALE MOORE
1982,209-90-5340,GEORGE RILEY
1983,893-94-2237,CONNIE ARMSTRONG
1984,176-60-3079,DARYL CAMERON
1985,567-19-1966,CHERRY FOSTER
1986,884-70-1004,ALINA SMITH
1987,318-33-5912,SOPHIA CLARK
1988,552-37-9534,JASMINE BROWN
1989,502-85-3504,SPIKE BARNES
1990,909-63-9002,ARTHUR HARRIS
1991,772-12-3563,ROSIE WALKER
1992,857-68-6191,ROSIE GRAY
1993,282-46-7650,EDGAR TUCKER
1994,918-28-9810,ARTHUR TUCKER
1995,745-33-7088,GEORGE JONES
1996,386-17-6778,MAX GRANT
1997,521-16-6581,ELISE KELLEY
1998,733-68-8043,SIENNA SMITH
1999,758-31-5774,ADRIAN MORRISON
2000,948-57-5187,EDWARD SULLIVAN
